timestamp,back_x_mean,back_x_std,back_y_mean,back_y_std,back_z_mean,back_z_std,thigh_x_mean,thigh_x_std,thigh_y_mean,thigh_y_std,thigh_z_mean,thigh_z_std,label_most_frequent
2021-04-13 14:42:30,-0.985083,0.008140129224959719,-0.07360493333333332,0.008750900933267379,0.12357236666666664,0.012689155368478658,-0.9694743,0.007610788414320767,-0.15175781428571428,0.01816881639841772,-0.11014812380952381,0.011829618060136719,6
2021-04-13 14:42:35,-0.98552246,0.02313816934163828,-0.12864159199999997,0.0671228113223575,0.09600197199999999,0.044091673166229556,-0.973180708,0.034592872949356174,-0.11909960399999998,0.09990130287060409,-0.127811492,0.0871530042054897,6
2021-04-13 14:42:40,-0.989622072,0.01494606093204336,-0.14296390799999997,0.0335081981723662,0.08574610399999999,0.04188451373786514,-0.9639394680000001,0.043598655546136914,-0.04543555599999999,0.09271548409989766,-0.21633398,0.1178475168582615,6
2021-04-13 14:42:45,-0.99277932,0.007978466578823134,-0.11550391199999999,0.012097100586282428,0.07869140799999998,0.009869309363821322,-0.9753027439999999,0.016903850304202637,-0.08156837199999999,0.025426126941052302,-0.07653126399999997,0.023025626961413425,6
2021-04-13 14:42:50,-0.9908603439999999,0.041194660855865546,-0.11746192399999998,0.07037009055290405,0.07003610799999999,0.04432563611505597,-0.965746084,0.1309962104147791,-0.10134373199999999,0.13899519445894123,-0.15841795599999997,0.17368904964901494,1
2021-04-13 14:42:55,-0.998169924,0.035029314228335294,-0.09892870399999998,0.0621431179910938,0.020452119999999997,0.037983259033802196,-0.9726201240000001,0.07704533578764612,-0.09767774399999998,0.1638497119733736,-0.182097656,0.13965523117786544,1
2021-04-13 14:43:00,-1.005405288,0.07006889621250509,-0.07299218399999999,0.060595205263932014,-0.06457521199999999,0.05903778575177891,-0.967908216,0.14363194168561133,-0.122437492,0.12939022083477802,-0.186134752,0.1810401904885071,1
2021-04-13 14:43:05,-0.9901279319999999,0.030468042873304044,-0.07238380399999998,0.0507320754331676,0.065417968,0.08150081724333996,-0.964894536,0.07265080354208035,-0.10120213599999998,0.09633839348335282,-0.224174828,0.12288414190224306,1
2021-04-13 14:43:10,-0.9797607399999999,0.01432718678614959,-0.09308009199999999,0.02005425631543079,0.13616212,0.03763926319300697,-0.961112312,0.010207416164026947,-0.09620606399999998,0.032932578635665344,-0.294338864,0.024350812628167275,6
2021-04-13 14:43:15,-0.969864272,0.01157961704208658,-0.077247084,0.021005903896356277,0.188321292,0.027280136887507363,-0.969019528,0.007401792630559126,-0.07236821199999999,0.02817048943592024,-0.25532716,0.01603002883391246,6
2021-04-13 14:43:20,-0.976989252,0.010089433789328923,-0.105986348,0.020005522546244308,0.155189456,0.033388641186264646,-0.967720708,0.005494403728162695,-0.07942678399999999,0.015162736042897074,-0.26434376800000003,0.010660785056375936,6
2021-04-13 14:43:25,-0.984924796,0.024778566851195824,-0.12153321999999998,0.04036043477417261,0.08265916400000001,0.10053912551494738,-0.9685380800000001,0.04931092545705593,-0.07127833999999998,0.06700980923044628,-0.23831835199999998,0.0924721753797647,6
2021-04-13 14:43:30,-0.9656953079999999,0.015051729765340936,-0.14445604799999998,0.019786431974634613,0.18426465199999997,0.05237858248574273,-0.95479202,0.00988965355314356,-0.142463872,0.033131427342610084,-0.310878928,0.021042512771476857,6
2021-04-13 14:43:35,-0.9493398439999999,0.011001705122483151,-0.131772472,0.023390378898969662,0.24003420799999997,0.012620347810745664,-0.952126952,0.0075513635566003025,-0.167499988,0.015549364944607168,-0.317866208,0.01632774830795626,6
2021-04-13 14:43:40,-0.97198144,0.01513018493472681,-0.127244144,0.02522733301686565,0.16765528000000002,0.04926177079644624,-0.9432910000000001,0.02891403697876926,-0.14645604799999998,0.07774442460975124,-0.34482326,0.0697220008228922,6
2021-04-13 14:43:45,-1.000049804,0.059718615119279526,-0.08065823199999998,0.07277843220489832,-0.03316699599999999,0.06226738239958033,-0.967532244,0.17456614527963787,-0.126873048,0.12845644776098697,-0.204067368,0.18257587176369627,1
2021-04-13 14:43:50,-0.9783428,0.059271652414961705,-0.09032228399999999,0.09706127985568828,-0.13932134399999999,0.2023312618351223,-0.932940424,0.11467059795771604,-0.04418942799999999,0.15346372055458132,-0.35749904,0.18655970459158536,1
2021-04-13 14:43:55,-0.8256694951923076,0.09790519056197082,-0.19694753365384615,0.0559194680308129,0.38459894230769226,0.31133850533229496,-0.016950125000000014,0.3172129433300897,-0.20216254326923075,0.08713215653052522,-1.030462451923077,0.20158739289798933,7
2021-04-13 14:44:00,-0.7528720640000001,0.007854067277986104,-0.21646484,0.005410146033409007,0.555316412,0.011120034099035303,0.07955470399999999,0.010840843558534841,-0.217698272,0.008271517122999875,-1.081886744,0.009783681548016352,7
2021-04-13 14:44:05,-0.741262696,0.009675917498684515,-0.215652352,0.007791077128574029,0.5724121320000001,0.011680207704431084,0.07613771999999999,0.01308315929913666,-0.21163381599999997,0.027203068254592146,-1.083399416,0.009447160559527637,7
2021-04-13 14:44:10,-0.723234404,0.007632839630707292,-0.21861133199999996,0.008539259677344653,0.588672884,0.009192699182699212,0.06643946399999999,0.009415382838775426,-0.202291004,0.011229185092934815,-1.087689468,0.008023436006498552,7
2021-04-13 14:44:15,-0.73268556,0.022772947885153536,-0.22171778799999997,0.007772577878320307,0.578208964,0.03215407592709838,0.062885744,0.009745461701405339,-0.18885645599999998,0.01833172250389754,-1.08903028,0.009103247897907837,7
2021-04-13 14:44:20,-0.72227638,0.006394641305444912,-0.21871974,0.0032877838827756515,0.591055656,0.006431547059922721,0.05905469599999999,0.007555297452912891,-0.164773432,0.008260057168268766,-1.0931123,0.0036944122098522534,7
2021-04-13 14:44:25,-0.719524436,0.0033405143445655663,-0.21906836,0.005227957845597203,0.593643548,0.005312553261882409,0.05346972399999999,0.008161856926569048,-0.161703128,0.0077348460149583055,-1.0934287159999998,0.0024503216237021356,7
2021-04-13 14:44:30,-0.718936524,0.0016033218858679003,-0.22006251599999999,0.004999179173763372,0.5944375159999999,0.004608563918544427,0.053466815999999986,0.007700543065795863,-0.16015919199999998,0.006892703893756352,-1.0934306679999999,0.0024814230107762345,7
2021-04-13 14:44:35,-0.7186230440000001,0.001321420691771759,-0.220175804,0.0052144644899791,0.5963427880000001,0.005880211638598982,0.05422851599999999,0.007728143800691125,-0.15876954799999998,0.005966887277536528,-1.0935634760000001,0.001660369778280262,7
2021-04-13 14:44:40,-0.7186240239999999,0.0012842748705774818,-0.22054787199999998,0.005090406058358398,0.59629202,0.005822895523423638,0.05332813199999999,0.007759595180163463,-0.157353536,0.005172813399550598,-1.0936855559999998,0.0016754412015176593,7
2021-04-13 14:44:45,-0.714386736,0.007492617250557899,-0.21811521599999997,0.009121926720034902,0.6010829999999999,0.009910728292773122,0.05448633599999999,0.0105151176657803,-0.156037096,0.010838018255271144,-1.093197272,0.00729824593920843,7
2021-04-13 14:44:50,-0.714117208,0.02375386271012235,-0.222380876,0.009547856167444116,0.597925792,0.0307540462031943,0.05506545599999999,0.012444181365743512,-0.145504884,0.012133385920100341,-1.093907232,0.014750520176865928,7
2021-04-13 14:44:55,-0.70495218,0.008329958810145166,-0.2225967,0.012164580510233797,0.6092099879999999,0.010640569919166615,0.04756838799999998,0.07374948831666109,-0.136063476,0.10742923377868113,-1.0846533280000001,0.12647935651362557,7
2021-04-13 14:45:00,-0.7074170040000001,0.008388398921238273,-0.231156252,0.00682867790396945,0.6042177679999999,0.011361704828617257,0.048410163999999985,0.0076337958519692006,-0.13086913199999997,0.012688459413646064,-1.0946962960000002,0.005723881909406879,7
2021-04-13 14:45:05,-0.708011732,0.012499056974716444,-0.22745021199999998,0.011757950835347206,0.605482436,0.016064864170767423,0.006416019999999993,0.08150004719807687,-0.11757127999999999,0.03294284734869404,-1.093851588,0.0532436503602165,7
2021-04-13 14:45:10,-0.722544916,0.007584494855545531,-0.23151756799999998,0.00796818541555369,0.589730468,0.01023124501373617,-0.08313381199999999,0.008701434211785096,-0.13946287999999998,0.007815998572693923,-1.09087694,0.007198250400459138,7
2021-04-13 14:45:15,-0.712304688,0.01728557950669252,-0.22308010399999997,0.011193894024283602,0.602458992,0.020683777652252128,-0.05963183999999999,0.03340786055577425,-0.13871487600000001,0.010888869306946386,-1.0917226439999999,0.009371482855605927,7
2021-04-13 14:45:20,-0.749971688,0.06769987540495218,-0.20344628799999998,0.024274719520609805,0.55333204,0.0932142969123183,-0.05568849199999999,0.03050964123333284,-0.145488292,0.015888600945544677,-1.092057624,0.01534210921507512,7
2021-04-13 14:45:25,-0.71826074,0.016435482993001814,-0.180962908,0.01381817820231234,0.6041982400000001,0.020140413982137725,0.004369135999999997,0.05172985994620242,-0.123466784,0.03040560841181961,-1.096176768,0.06640557068773391,7
2021-04-13 14:45:30,-0.71878222,0.0309367304855595,-0.189719744,0.009383328983774093,0.6000097799999999,0.039707214330637695,0.009810539999999998,0.01671875133426861,-0.12326270399999999,0.012366463827902109,-1.096971696,0.008083550640617138,7
2021-04-13 14:45:35,-0.720798844,0.005756927942662845,-0.19119142399999997,0.007290890098054664,0.5985927799999999,0.007538031450997321,0.01437988,0.00656513065059925,-0.12818359999999998,0.008259165014634098,-1.095358412,0.004552496138892842,7
2021-04-13 14:45:40,-0.72035158,0.004638057929027186,-0.193143528,0.0080040671173405,0.597269544,0.007087220032085724,0.010138676,0.007296923142834497,-0.12650588399999999,0.007746422313894648,-1.0952060719999999,0.004353361343924829,7
2021-04-13 14:45:45,-0.725604488,0.01223518733417121,-0.19294921199999998,0.010471734575855382,0.594181648,0.014612573108645766,-0.043346664,0.0952982243293568,-0.11985645599999999,0.042975520146141186,-1.090007824,0.05369538499955116,7
2021-04-13 14:45:50,-0.737982428,0.011266759125925362,-0.183702144,0.007319136321536648,0.5834687639999999,0.016226983512531528,-0.18361622799999996,0.07544357768206582,-0.13763478,0.05660512527367637,-1.076535168,0.05751723591097834,7
2021-04-13 14:45:55,-0.7304472839999999,0.04067133179371976,-0.180700184,0.01288461214747683,0.586773452,0.05360721227610857,-0.18559473599999998,0.049082747344191296,-0.10910448399999999,0.03802427302994184,-1.0764853399999998,0.015385568113302656,7
2021-04-13 14:46:00,-0.7368564519999999,0.02958298604585496,-0.180558596,0.011923991770197049,0.581776376,0.040932520834393464,-0.05279689199999999,0.08578560103815941,-0.13514746799999997,0.026367710837694236,-1.0902148440000001,0.04158154393492032,7
2021-04-13 14:46:05,-0.73420996,0.002485385958730633,-0.182405272,0.007157276058412252,0.589149408,0.007320143943869622,-0.036773451999999984,0.009736273911843363,-0.143216792,0.010722171157656097,-1.09298048,0.013665543619603204,7
2021-04-13 14:46:10,-0.733973632,0.0024594534706052257,-0.18463085999999998,0.006138602333007991,0.590440428,0.006438048635241493,-0.03918358799999999,0.009310408195418571,-0.14288089199999998,0.008399800085612082,-1.09304296,0.004831621002151797,7
2021-04-13 14:46:15,-0.733743164,0.0029632485960634954,-0.186374016,0.003955865991501089,0.5916738319999999,0.005137843179186373,-0.046058591999999995,0.0037094362740747694,-0.146850608,0.0075242798824427925,-1.093313472,0.0024747092842153464,7
2021-04-13 14:46:20,-0.734446284,0.005917881679251651,-0.181394524,0.008507373493178328,0.588103508,0.009241513642447888,-0.045783207999999985,0.006897610591809382,-0.14732130799999998,0.008439163269893519,-1.092808588,0.003617566728950554,7
2021-04-13 14:46:25,-0.73886622,0.021152688497073184,-0.1791846,0.00826835689402118,0.5809150399999999,0.030722952668535836,-0.030667979999999994,0.01802254924924233,-0.142020504,0.012309610209915832,-1.0944404280000002,0.006923296740995078,7
2021-04-13 14:46:30,-0.72631346,0.02141567095250072,-0.15968558,0.01872938756987451,0.5979287440000001,0.027751984819615636,-0.034469739999999985,0.019715031101923196,-0.134244124,0.014734362280460985,-1.093534168,0.011679242473671414,7
2021-04-13 14:46:35,-0.737781264,0.035736721306932916,-0.135785156,0.013347139850786376,0.5856933719999999,0.04876278158482323,-0.04532225999999999,0.02656313545705098,-0.12279490799999998,0.02195236872938452,-1.094550788,0.015810692428712896,7
2021-04-13 14:46:40,-0.73266114,0.016625716248375173,-0.144209972,0.008932250723258308,0.593164072,0.02233628727357081,-0.05237500399999999,0.01869033661223624,-0.13086916399999998,0.02291995671532638,-1.092710944,0.014330803153520881,7
2021-04-13 14:46:45,-0.7508720839999999,0.012765584140757711,-0.14440039999999998,0.006616175588788929,0.5710673839999999,0.019222695435650833,-0.020278343999999993,0.012982359786114716,-0.127794944,0.007433526752543987,-1.09416798,0.00439854011875589,7
2021-04-13 14:46:50,-0.73643946,0.0061440832667825004,-0.15680372,0.007793054928980305,0.586922892,0.008905553306511382,-0.031957031999999996,0.008644844012878653,-0.13166116,0.008858687922102511,-1.09409474,0.003215342669503434,7
2021-04-13 14:46:55,-0.7408027479999999,0.020382479190626513,-0.153301776,0.008648496063389176,0.581135748,0.02971956900542074,0.034571284,0.07209004746276758,-0.10990526399999999,0.033109785390132415,-1.0946650199999999,0.04496395485725454,7
2021-04-13 14:47:00,-0.736747084,0.026845801345246206,-0.16058202,0.013057962429984686,0.5845517640000001,0.03761775749734182,0.09536426399999999,0.03253891644452591,-0.1124385,0.014209675441847723,-1.0922685799999998,0.02179422130429628,7
2021-04-13 14:47:05,-0.730399412,0.009467068555704516,-0.165558592,0.007681446377037982,0.594456072,0.011442850040045584,0.103063488,0.017782856090651434,-0.11493458399999999,0.0099872998471002,-1.091856456,0.01736434727483843,7
2021-04-13 14:47:10,-0.726522448,0.00764782179447821,-0.16862598399999998,0.00819433746300299,0.59711526,0.007137267048674634,0.09869630399999998,0.03069761695739648,-0.11744629599999999,0.013865426544228548,-1.0932939320000001,0.02569865736728869,7
2021-04-13 14:47:15,-0.724207032,0.008336789739198122,-0.16847462400000002,0.010081867181932148,0.59910452,0.008652288006799732,0.09785451199999999,0.016817779207008242,-0.11638282799999998,0.02437453055971421,-1.0941386720000001,0.022704007838355595,7
2021-04-13 14:47:20,-0.71660058,0.01078494965364841,-0.168800792,0.007313678311116092,0.606130848,0.012007601950903609,0.10993069199999998,0.020906885835688723,-0.11234277199999998,0.013792456664255189,-1.091314444,0.013694269162479669,7
2021-04-13 14:47:25,-0.722454108,0.011289726380711757,-0.17005273599999998,0.006140906257627122,0.600645516,0.015072957947759454,0.08944046799999998,0.013392665877044513,-0.11063573999999998,0.009917482057146123,-1.093163088,0.011662442605834883,7
2021-04-13 14:47:30,-0.723392572,0.012487440352250653,-0.170658212,0.006771188871831003,0.6003994279999999,0.014257286709542303,0.09782324399999999,0.015336176954337848,-0.09926558399999999,0.009711738573676585,-1.093173856,0.010004865341084607,7
2021-04-13 14:47:35,-0.724978528,0.016324796693298435,-0.16985256799999998,0.008457529995683574,0.5986006,0.020321183999080852,0.07983692799999999,0.014616610208209382,-0.10000098399999999,0.010031942485074337,-1.094295932,0.009438950427460898,7
2021-04-13 14:47:40,-0.716810556,0.009054993038682506,-0.16929200800000002,0.006055498802155562,0.606309584,0.011282802164964047,0.09741506399999998,0.014061492792806614,-0.09667674799999999,0.008917267504537802,-1.0932988479999999,0.010629767556542337,7
2021-04-13 14:47:45,-0.729749024,0.019061964146960004,-0.167114272,0.007924661775434723,0.592114276,0.023792265838603176,0.077627928,0.020504660433001733,-0.091910148,0.013084553344113658,-1.09443848,0.022226276483362204,7
2021-04-13 14:47:50,-0.723818356,0.01810425477574809,-0.16905858399999998,0.006939425069277168,0.599268548,0.024281060707721774,0.09341505199999998,0.020069598946285776,-0.08936132399999999,0.00956146301939767,-1.093047884,0.016646152446123483,7
2021-04-13 14:47:55,-0.721702144,0.010559042523606267,-0.167816408,0.007159851212916409,0.6035800880000001,0.012042925005954833,0.09123241999999998,0.010877126345212635,-0.08806153199999998,0.008240682965380943,-1.093605468,0.009443491790527862,7
2021-04-13 14:48:00,-0.715480472,0.006527573118740128,-0.165544928,0.00771709930332932,0.6101650479999999,0.008639429736178277,0.10018067199999998,0.009394122885697328,-0.08343947599999998,0.00805480615297925,-1.0925634720000001,0.009415428110246114,7
2021-04-13 14:48:05,-0.7311093919999999,0.014646836630873619,-0.17078906,0.005796686542836661,0.590291028,0.018153821785422526,0.089206064,0.009796484071571923,-0.08431154799999999,0.007949656238159969,-1.094503896,0.006459609942373851,7
2021-04-13 14:48:10,-0.724385756,0.007163875602427276,-0.167135756,0.0070672116028758745,0.5984414,0.007234863954613606,0.09294825599999999,0.007865884272477959,-0.085712892,0.008273516048667958,-1.093743164,0.003275082188659383,7
2021-04-13 14:48:15,-0.725948272,0.007683906686437537,-0.167160156,0.008086685312104833,0.597242184,0.007607691471942899,0.09665432399999999,0.009360223688406813,-0.08286916799999999,0.009523989663592925,-1.093546872,0.0034433987902260485,7
2021-04-13 14:48:20,-0.725117192,0.022756241491741398,-0.163285176,0.010481828186032733,0.595764668,0.032187987905855246,0.09906252399999999,0.02490250103069487,-0.07789845599999998,0.014627450725364132,-1.093483396,0.021199532521158224,7
2021-04-13 14:48:25,-0.71838478,0.023554872225888066,-0.1583887,0.01087693210358252,0.607373072,0.027338675130928913,0.09511913999999999,0.023576054570620317,-0.07891606399999998,0.019046772873309893,-1.093501972,0.02700337566156674,7
2021-04-13 14:48:30,-0.722223632,0.011839171284994232,-0.16339649599999997,0.009123716379429637,0.603749012,0.013253448562205195,0.10510645199999999,0.033828454254082874,-0.07680959999999999,0.046166955057629404,-1.092025396,0.024374782393821886,7
2021-04-13 14:48:35,-0.748065436,0.016417817860700266,-0.159250024,0.01484007285943428,0.57268264,0.022995691388609428,0.08133009599999998,0.030775618360068133,-0.07051954399999998,0.026885284011174394,-1.0946767560000001,0.02355050714894168,7
2021-04-13 14:48:40,-0.7576748,0.007711085637107929,-0.143689484,0.006829839368605075,0.560577164,0.0077936066028910555,0.07917287199999999,0.01098514660838201,-0.106191392,0.008346680015639145,-1.095046876,0.010999405791755741,7
2021-04-13 14:48:45,-0.7501914040000001,0.0021050838941928827,-0.150566416,0.007709007297505701,0.572837904,0.008661263917082116,0.09167289199999998,0.013154019400696935,-0.10880665199999999,0.010363339922452091,-1.093469728,0.006276916797276783,7
2021-04-13 14:48:50,-0.75,0.0,-0.155239252,0.004247666241891658,0.571277352,0.007548600597196842,0.077896492,0.006771675542770964,-0.11028420399999998,0.008100867950571366,-1.0942802839999999,0.002777253458804573,7
2021-04-13 14:48:55,-0.7496210919999999,0.002345393667887243,-0.15653614,0.004811301434578541,0.573069328,0.007798044594023352,0.08627050399999998,0.013179169890017479,-0.11080272799999999,0.009293781409607944,-1.093355472,0.004019875449280298,7
2021-04-13 14:49:00,-0.749441408,0.002921943057360599,-0.157267576,0.004189710585635892,0.575762696,0.0064933654484382024,0.08337696399999998,0.009842099016720156,-0.11167773999999998,0.008179604482268404,-1.093970708,0.003593704329793408,7
2021-04-13 14:49:05,-0.7445478719999999,0.019788923518567463,-0.156152352,0.007532296797143431,0.57941408,0.025774825252653368,0.09845118799999998,0.026314309098549267,-0.10971973999999998,0.009382213464549689,-1.0923877,0.010475432615598126,7
2021-04-13 14:49:10,-0.7456347759999999,0.021227758263779258,-0.157574232,0.009869265278363664,0.574658196,0.031489295705647874,0.08320900399999999,0.02710201716384559,-0.11038281199999998,0.007494593237249322,-1.094244124,0.009551399232038375,7
2021-04-13 14:49:15,-0.73840138,0.00686764798098758,-0.15941894399999998,0.006925452075834669,0.583459012,0.007243994562722622,0.09082227999999999,0.037473024045117355,-0.11671778,0.03851096915061055,-1.089971668,0.09730466311562848,7
2021-04-13 14:49:20,-0.737021484,0.017170545188608347,-0.15908790399999997,0.006589665896941771,0.586123064,0.023724391754910507,0.09708203599999998,0.026302698566234,-0.11400881199999997,0.010582730710635674,-1.091953148,0.014071553704860445,7
2021-04-13 14:49:25,-0.7398115279999999,0.0169302271300747,-0.15988869599999997,0.007176115522729984,0.583417956,0.021044606307093254,0.08830079199999999,0.022524060696726418,-0.11160643599999999,0.007966089229499854,-1.092763708,0.007688961027176942,7
2021-04-13 14:49:30,-0.7354052759999999,0.023598889510830813,-0.15575096,0.010811679168388304,0.587470728,0.03319825299665841,0.09388187199999999,0.033707455671632004,-0.10611525199999998,0.010156354758495682,-1.0925527560000001,0.012860732005267357,7
2021-04-13 14:49:35,-0.737659192,0.011289122349270684,-0.16081543199999998,0.008304977660000563,0.585697264,0.01515235619921394,0.09077735199999999,0.015502642442852753,-0.10755274799999999,0.00661988071487793,-1.094329116,0.00930048241432134,7
2021-04-13 14:49:40,-0.745932628,0.03061636321780153,-0.16001564,0.010977536408722104,0.574225584,0.03839587451581597,0.08737406399999999,0.031948516190505684,-0.09907813199999999,0.0359899051350946,-1.093763676,0.03699392602194435,7
2021-04-13 14:49:45,-0.9853384464285714,0.045142826629958895,-0.137429375,0.02284581218243292,-0.021488767857142856,0.2530086111016052,0.011452839285714278,0.08961790024924034,-0.11499455357142856,0.03988536026341661,-1.0994437142857143,0.015851774212961176,7
2021-04-13 14:49:50,-0.9892282741935483,0.07465109204012225,-0.13575795564516127,0.10322823354464128,-0.1947966572580645,0.11319454350806611,-0.9489165403225807,0.19141480188306642,-0.03667819758064516,0.16019594032020334,-0.2934954032258064,0.2059359397139929,1
2021-04-13 14:49:55,-1.0025986359999999,0.045485256871939626,-0.10057618799999998,0.051974600893907576,-0.06591701199999998,0.05392646596909089,-0.964706044,0.1341321000278815,-0.11966599199999998,0.1383419064734427,-0.219770528,0.15572720535338047,1
2021-04-13 14:50:00,-0.9864482480000001,0.020094533937045772,-0.16315524799999997,0.05222200982300768,0.08451856799999999,0.05626373618339465,-0.970446292,0.01777609253006083,-0.08580662399999998,0.1129897543623762,-0.23224808399999997,0.0390624978156201,6
2021-04-13 14:50:05,-0.999590792,0.08446004357274493,-0.09975003999999998,0.08125609130554717,-0.062071263999999994,0.0832238756567828,-0.965047828,0.17536943768350327,-0.09660840799999999,0.13061369368052114,-0.235113296,0.1827674345728411,1
2021-04-13 14:50:10,-1.006285152,0.080556218220924,-0.098373988,0.06809693415195311,-0.057841787999999984,0.057896656309308965,-0.96586816,0.16298715096050764,-0.12317771599999999,0.1440399850097248,-0.22235056799999997,0.1795213922098233,1
2021-04-13 14:50:15,-1.004446288,0.05938403090703864,-0.078148468,0.06502538626478517,-0.05995408799999998,0.051706250364800234,-0.971509772,0.15514321554154503,-0.133644544,0.17818725586774933,-0.215272448,0.17879155570182959,1
2021-04-13 14:50:20,-1.007405316,0.07630011777596843,-0.07547072799999997,0.059314784484814045,-0.06718067199999998,0.0507388150123339,-0.968938496,0.16809812515462502,-0.139311528,0.13379823486025552,-0.219407216,0.16838123964175622,1
2021-04-13 14:50:25,-1.00183986,0.056464874641439594,-0.052568363999999985,0.06139166264417641,-0.053730471999999994,0.06340200917268908,-0.967831996,0.10886274798124519,-0.130641604,0.13947743727223882,-0.21811524399999999,0.14758940588336442,1
2021-04-13 14:50:30,-0.992567408,0.023055212266996,-0.06837403199999999,0.06322338721291093,0.06957129199999998,0.06592828386887006,-0.974912064,0.02423294581762409,-0.09476172399999999,0.11342699026433485,-0.129409172,0.06996898059015665,6
2021-04-13 14:50:35,-0.9964781382978722,0.04054650292248149,-0.08916717021276595,0.08817922627860751,-0.01868584574468085,0.08745999072549315,-0.9562701914893617,0.11244780840813219,-0.06679195212765957,0.15601476821348972,-0.2620031489361702,0.16614622602288062,1
2021-04-13 14:50:40,-0.7345152396694216,0.05680228142151686,0.010085429752066114,0.03036783900195357,0.5841195661157025,0.06831112410814849,0.017024272727272725,0.03407049604918226,0.06637698760330578,0.04060944952901527,-1.0891758966942147,0.01940787914712176,8
2021-04-13 14:50:45,-0.359888688,0.14946170120459126,0.02548243999999999,0.018177699571873797,0.825597652,0.06249437919350823,0.12087109599999998,0.060293853423657374,0.033830099999999995,0.03278122677407379,-1.082172892,0.031052011643123347,8
2021-04-13 14:50:50,-0.149716812,0.008028289770255978,0.061291988,0.004450820082804298,0.890290052,0.004411282489947828,0.07042772799999998,0.007709219278080375,0.00400978,0.006972798832739069,-1.0927519440000002,0.005232927217717405,8
2021-04-13 14:50:55,-0.138688492,0.005085470171912711,0.063055672,0.005806425652313081,0.8910810800000001,0.004666731099842042,0.071342808,0.007822832297817401,0.0013505840000000008,0.007493072831675075,-1.092977552,0.0053979414824810125,8
2021-04-13 14:51:00,-0.12802051599999997,0.006094244175780947,0.06277442,0.0043348743828698294,0.891075216,0.004033746944341947,0.072627924,0.007285860670990935,-0.00042089600000000036,0.0024483600619918267,-1.09336426,0.003547233363983074,8
2021-04-13 14:51:05,-0.124557612,0.0048156459943425305,0.063824228,0.005667030242294842,0.892305688,0.005621184168168298,0.07400976399999999,0.006971018905052729,-0.0015205120000000003,0.004522208383135164,-1.093110356,0.0038067907191731126,8
2021-04-13 14:51:10,-0.11892871999999999,0.007237700460326731,0.06351855999999999,0.003492749753670748,0.8925263800000001,0.007227750938300552,0.07358593999999999,0.006881062949695398,-0.0013359400000000012,0.004203944487432442,-1.093207056,0.008148485528889523,8
2021-04-13 14:51:15,-0.113888704,0.007175591098637326,0.063204104,0.005550056007277737,0.8930840040000001,0.006994783077493456,0.07426467199999999,0.007595571512322909,-0.005756843999999999,0.007547685396134366,-1.093164068,0.004653631333240648,8
2021-04-13 14:51:20,-0.109548832,0.0024638213609290507,0.06326172,0.005664072719934548,0.89326372,0.005854822633168624,0.07516213199999998,0.0064193453583598035,-0.007700179999999998,0.008995142433178732,-1.09359962,0.004141895052036978,8
2021-04-13 14:51:25,-0.10883399199999999,0.006265772582544034,0.06526368799999999,0.009377169452795537,0.893693396,0.007232918375322636,0.07629591599999999,0.00835246508721086,-0.008059584000000002,0.009870969569597484,-1.0934033079999999,0.005022385576661646,8
2021-04-13 14:51:30,-0.10792676,0.004439373332887771,0.06999806399999998,0.007692129361128643,0.892009792,0.00477461143110179,0.07383498000000001,0.007870322395304023,-0.010210935999999997,0.008442681061007548,-1.093411132,0.005111456390138669,8
2021-04-13 14:51:35,-0.106603492,0.005719128348112568,0.07201659599999999,0.007356605818272847,0.8919160359999999,0.004208306290426127,0.063215844,0.003125831460096936,-0.013444316,0.005447133358330574,-1.093479488,0.0032690491085562803,8
2021-04-13 14:51:40,-0.10803321199999999,0.005644890548831679,0.07145898399999999,0.008234454667458304,0.893200212,0.006405100913326465,0.06477637199999998,0.006802043815345466,-0.013070307999999997,0.008604570217719336,-1.093823236,0.006264064661594935,8
2021-04-13 14:51:45,-0.10128517199999999,0.009733069869406426,0.06541798399999998,0.008566976829649008,0.8947900879999999,0.007863994107675722,0.06731347999999998,0.011040632372756619,-0.012462891999999996,0.009026851485612752,-1.093437504,0.0075418426658988656,8
2021-04-13 14:51:50,-0.093411136,0.005067785370331198,0.06688183599999999,0.009576579483904998,0.8953466959999999,0.007699462185071138,0.06847754799999999,0.008076053580644806,-0.011420916,0.008697991493501703,-1.093820332,0.0062611304345982005,8
2021-04-13 14:51:55,-0.08936718399999999,0.0067904243976458995,0.07062891199999999,0.008390204858914604,0.89466606,0.0070912793913386505,0.06719827199999999,0.007045940941351412,-0.013074179999999996,0.009424545769395875,-1.0942744279999999,0.00451713277009506,8
2021-04-13 14:52:00,-0.08568165199999998,0.007568346688762426,0.07287600399999998,0.007960871958607896,0.89339748,0.005837914740355704,0.06888183599999997,0.007924410942666783,-0.0139375,0.0071481063306625325,-1.093900388,0.004256268050337261,8
2021-04-13 14:52:05,-0.08333888399999999,0.007115466897627238,0.07450291999999999,0.00633484996078857,0.893766632,0.006108465538703328,0.06743259599999998,0.007021153326406972,-0.015170907999999999,0.0043295079359444094,-1.0939092000000001,0.003982107908833014,8
2021-04-13 14:52:10,-0.08198439999999999,0.006395477343388774,0.07349119199999998,0.00687363933838201,0.8940478839999999,0.006375790839878578,0.06589944399999997,0.0062812220198872485,-0.015366211999999999,0.0026480561968247906,-1.093857428,0.0022858305101868936,8
2021-04-13 14:52:15,-0.084825212,0.007477508287646576,0.07048047999999998,0.008118593605429483,0.895031268,0.006979080772558496,0.066369132,0.0066907141047501065,-0.013151355999999998,0.009267359621742252,-1.093600592,0.004340711333070177,8
2021-04-13 14:52:20,-0.09003321999999998,0.010195532850618052,0.06921973999999999,0.008444200434161256,0.895160168,0.007477039861344093,0.06761719199999999,0.008298432460189166,-0.011699227999999999,0.00987503991309182,-1.0938095760000002,0.006600544657779483,8
2021-04-13 14:52:25,-0.101452152,0.00833562403477342,0.06316896,0.009840990222974244,0.895406264,0.007562375941051834,0.06986917599999998,0.010041917613606377,-0.009792015999999997,0.009188995369644999,-1.093100592,0.006227058573955277,8
2021-04-13 14:52:30,-0.09448828399999999,0.004192302239535506,0.06481836799999999,0.006795450073053104,0.895140648,0.006908094608542826,0.06853225599999997,0.007801242109836693,-0.013063479999999997,0.007304681294956237,-1.0941962840000001,0.0064640868744025685,8
2021-04-13 14:52:35,-0.09241405600000001,0.007199248516454393,0.06861231599999999,0.009079160330856465,0.894329132,0.0067878649506992825,0.06802930799999998,0.011312776627212482,-0.012850559999999999,0.007509822773324742,-1.093037136,0.0058232853350905014,8
2021-04-13 14:52:40,-0.092794924,0.0035873111259943336,0.06648731999999999,0.0067873619134814316,0.895456092,0.007196078284052843,0.06661038399999998,0.006709303078243442,-0.013323231999999999,0.0063040474544062254,-1.09340334,0.004714365702436094,8
2021-04-13 14:52:45,-0.08946095999999999,0.007030714747580611,0.07043359599999997,0.00788866341955162,0.8939346,0.006725370538753544,0.06790429599999999,0.00793154586341894,-0.010958003999999997,0.00827493961079069,-1.0941347760000002,0.004532248030133694,8
2021-04-13 14:52:50,-0.08714258799999999,0.007550593620793106,0.06863769999999998,0.007454131675665024,0.895754888,0.007278482597295416,0.06716115199999999,0.007318401104325395,-0.009986323999999996,0.007741699796944336,-1.0937949200000001,0.00382914729694312,8
2021-04-13 14:52:55,-0.08599024799999999,0.007723597729688948,0.07025293199999999,0.007850601785912972,0.895785172,0.007097199882142561,0.06873924799999999,0.008244147492251212,-0.009225592,0.007535910617628334,-1.093838888,0.004674685360141487,8
2021-04-13 14:53:00,-0.082990232,0.007022707714889684,0.07178709999999999,0.007608176279450738,0.895696332,0.007297552383706974,0.06875687199999998,0.00783026620768085,-0.0100127,0.00740672646434784,-1.093768576,0.0054421273211255755,8
2021-04-13 14:53:05,-0.08084377599999999,0.00564330002485301,0.07263380399999998,0.007204168749485845,0.89502834,0.006989189383135453,0.06957714799999998,0.007718028415117572,-0.010818347999999997,0.0071927700046822704,-1.093851568,0.0035424876026651213,8
2021-04-13 14:53:10,-0.08399612,0.007422204312265451,0.074248044,0.006530889614646614,0.8947841879999999,0.0074385131854623485,0.06939844799999999,0.007633195976690915,-0.011169931999999997,0.007230174226723106,-1.093662104,0.0042046237205855515,8
2021-04-13 14:53:15,-0.08540723999999998,0.007582734583079473,0.071611316,0.007728704022253577,0.895723668,0.007187970405055354,0.07102541599999998,0.008027769947142297,-0.009167963999999999,0.009150779302445898,-1.0935361399999999,0.004427929107962386,8
2021-04-13 14:53:20,-0.08790916399999998,0.007320985616890316,0.07214257999999998,0.007565811948320517,0.894702168,0.006818889087036188,0.07011622799999997,0.007667202328764838,-0.009923811999999999,0.009890489760140177,-1.093792964,0.003104560818248026,8
2021-04-13 14:53:25,-0.08339652399999999,0.00742157488952225,0.07176366399999999,0.0076597743693048,0.8955127039999999,0.007371809532504098,0.07289650399999999,0.007581197095948274,-0.008109376,0.008381818298350918,-1.093645516,0.00522382452273441,8
2021-04-13 14:53:30,-0.08075590399999999,0.005580015246519443,0.07182911599999998,0.007527119072571843,0.895271536,0.006921126779963025,0.072775388,0.007370368183074197,-0.008265611999999995,0.008843646174519664,-1.0932920039999998,0.003829438649916946,8
2021-04-13 14:53:35,-0.08029982399999999,0.005275781779277283,0.07455956799999998,0.006387208349771408,0.893745132,0.00603969428221885,0.07066994399999998,0.007677218593356897,-0.011035123999999997,0.006957798232602495,-1.093870116,0.0012965078298086015,8
2021-04-13 14:53:40,-0.08465137199999999,0.007575980039562904,0.07661230399999999,0.004461212331356331,0.894482432,0.0067872473365130645,0.07102731999999999,0.00826868730042981,-0.012635723999999997,0.005918115835635532,-1.0936670039999998,0.0036939784144047853,8
2021-04-13 14:53:45,-0.09254101999999999,0.005483358334277309,0.06985449999999999,0.007610362525997594,0.8945371599999999,0.006840076493736058,0.07131835199999999,0.0080640261335157,-0.010858379999999999,0.007353116319632115,-1.093857432,0.0033329785510053667,8
2021-04-13 14:53:50,-0.08517189599999998,0.0076800144942383245,0.07174609199999998,0.007514233634910228,0.894598672,0.006555707740613309,0.069492192,0.007754114904678408,-0.010886715999999998,0.006895462296064692,-1.093302744,0.0030450136352106224,8
2021-04-13 14:53:55,-0.16837402,0.1279780120857065,0.06997755199999998,0.011972205981839037,0.877601584,0.03438703183522362,0.10495899599999998,0.05807903373170752,0.006673816,0.0332762999667338,-1.086504888,0.015228116970569182,8
2021-04-13 14:54:00,-0.662600592,0.10223809202635921,0.075492204,0.027249863079763324,0.634166016,0.1119325543149877,0.22589748799999998,0.054329125308743016,0.07610547599999998,0.03412494366780328,-1.057644516,0.027884170991753332,8
2021-04-13 14:54:05,-0.57279688,0.007333729566257813,0.07004200799999999,0.0076505315798153055,0.7234443639999999,0.0068439656602982115,0.18702929599999998,0.0026339647868522283,0.05467283999999999,0.007815842275295042,-1.07252834,0.007174163897130603,8
2021-04-13 14:54:10,-0.5654355839999999,0.005908998789449761,0.07423825599999999,0.006505230808352903,0.726232428,0.007367353505534953,0.186687496,0.0033543954299973546,0.059802711999999994,0.005658382316423244,-1.0721454920000002,0.00724567829549334,8
2021-04-13 14:54:15,-0.563220708,0.0032079679938137743,0.07436034799999999,0.006442339548200901,0.72972168,0.007051006037877519,0.186434564,0.0038078135540166127,0.05914550399999999,0.00692446579746808,-1.071795904,0.007587857391779062,8
2021-04-13 14:54:20,-0.5637109400000001,0.004105685666923695,0.069498068,0.007543786120210864,0.7306855520000001,0.0066620525606286025,0.18401659999999997,0.007018218464086055,0.05760349599999999,0.0078065384891586155,-1.0721533079999999,0.007535699320842929,8
2021-04-13 14:54:25,-0.562974612,0.002990349762194564,0.06441995199999999,0.004988979064912636,0.731059572,0.00632168779926228,0.184234348,0.006518458170963633,0.047347683999999994,0.006995537972611476,-1.073343744,0.007311457108034922,8
2021-04-13 14:54:30,-0.5625546920000001,0.001639681315500523,0.06448538,0.005201597258125907,0.733122068,0.00412540089805278,0.18171779999999998,0.007348299151892422,0.047592791999999995,0.0035420000437571836,-1.074942356,0.006301681291342384,8
2021-04-13 14:54:35,-0.56031444,0.005742688114246676,0.06387597599999999,0.004927566163595408,0.734032228,0.0053882131289424325,0.17730861199999998,0.009167596390098275,0.05918360399999999,0.009200401810196128,-1.0718623,0.008104480240575529,8
2021-04-13 14:54:40,-0.5537256079999999,0.007576756220549665,0.067555676,0.0074042726048038675,0.734348644,0.00449920074620842,0.17081058400000002,0.00821329286472063,0.07055959199999999,0.008839994094562736,-1.07196386,0.007757910436824044,8
2021-04-13 14:54:45,-0.563942376,0.008044699603182524,0.07711328399999999,0.0048492837854958604,0.72826856,0.007568234034436298,0.163471692,0.007732548190811922,0.07736035599999999,0.005458015119201282,-1.0728408280000001,0.007158780603239351,8
2021-04-13 14:54:50,-0.56489356,0.005585495894901912,0.08070707599999999,0.005600821844296613,0.7259062639999999,0.00757691384350335,0.156656252,0.002467510176347308,0.078230472,0.0029831846385308196,-1.07337402,0.0070455695791310875,8
2021-04-13 14:54:55,-0.5664990360000001,0.006666196966388184,0.08461425599999998,0.0073136717004135265,0.7227920400000001,0.006602707575206917,0.156182612,0.0016736787360488307,0.07828416399999999,0.0036622732347666703,-1.07493456,0.006152330692852691,8
2021-04-13 14:55:00,-0.5634248199999999,0.0038586341981458375,0.08197755999999998,0.007606178526270198,0.726047872,0.007552315472994442,0.15707716,0.004004698498345489,0.07556444,0.005790116109426715,-1.074724612,0.006339100482019569,8
2021-04-13 14:55:05,-0.5565469492753623,0.011243449256664508,0.07733772463768114,0.009853021134944651,0.7328765507246378,0.013117824343415619,0.17314874637681157,0.01829787894614856,0.06382687681159419,0.014800170811528067,-1.0726212463768117,0.012623334505052349,8
2021-04-13 14:55:10,-0.9938832567567567,0.013782941933071955,-0.11562040540540539,0.024952829270455855,0.09691720270270268,0.02881088576471382,0.00830405405405405,0.02020381920689707,-0.06067882432432431,0.02186531453674136,-1.100074608108108,0.022914014838574224,7
2021-04-13 14:55:15,-0.9999958409090909,0.02765262465926103,-0.10189679545454543,0.07459477464206714,-0.0639079715909091,0.09171826111418932,-0.9676957556818181,0.09345759855116863,-0.037661522727272724,0.1400757964134706,-0.1928669261363636,0.09157598003656511,6
2021-04-13 14:55:20,-1.003241188,0.05928828225316349,-0.087434608,0.08045728089196433,-0.08962401199999998,0.06228768506024696,-0.9629043239999999,0.1833987461346946,-0.09408204799999999,0.109161318265784,-0.231268564,0.18457011239834273,1
2021-04-13 14:55:25,-1.003555648,0.059711621839697235,-0.11673046399999998,0.07026347883440122,-0.04189843599999999,0.04749671478098086,-0.9669648519999999,0.1574670984836691,-0.098857408,0.14580847991729667,-0.20054105199999997,0.1810153256631189,1
2021-04-13 14:55:30,-1.001813492,0.07735828247021065,-0.09107618799999999,0.07819321364852187,-0.039836904,0.05931657596943484,-0.97173438,0.1740597483292832,-0.09384867599999999,0.14558959044840658,-0.197131804,0.18665136354289857,1
2021-04-13 14:55:35,-1.005705108,0.06843426876574596,-0.073842744,0.07037289009355051,-0.03598048399999999,0.06396187736433023,-0.958821284,0.1819723971791322,-0.11179785999999999,0.15708725439233598,-0.202666044,0.23406850150371541,1
2021-04-13 14:55:40,-1.0038281439999999,0.07487640113058541,-0.071274416,0.06200768841889822,-0.01972948399999999,0.06239609473538108,-0.954257844,0.15029275920501792,-0.099406252,0.12677081263729192,-0.17051953999999997,0.2282939766445737,1
2021-04-13 14:55:45,-0.998284192,0.04033690005346006,-0.08564457599999999,0.06576573659915884,0.023612299999999996,0.06370126433667045,-0.968219736,0.08069513238393095,-0.07558101199999999,0.12576576380095503,-0.24748928799999997,0.15979085731383205,6
2021-04-13 14:55:50,-1.000664088,0.04687319617580175,-0.09739645999999999,0.05082337774510945,0.020403303999999994,0.05154591308878142,-0.952246092,0.1366863244982133,-0.04525291199999999,0.1473073647607998,-0.273665052,0.19421926029518222,3
2021-04-13 14:55:55,-1.002844732,0.09200988590007902,-0.080065424,0.058383637449645344,-0.013772464000000003,0.05664725982796316,-0.9720996239999999,0.1412661676402446,-0.11350975999999999,0.12369095740201264,-0.191500968,0.18574294684967343,1
2021-04-13 14:56:00,-1.0014404479999999,0.06888670529086595,-0.06909572399999998,0.05880931407994858,0.007908219999999997,0.0478254959982803,-0.960478516,0.1648080320324814,-0.128592776,0.19429746504702683,-0.224502924,0.19385278805831543,1
2021-04-13 14:56:05,-1.00049318,0.08869160588577697,-0.05163185199999999,0.06009571319005525,-0.02272753199999999,0.06143811658871755,-0.966782244,0.17529557202225873,-0.14553028399999998,0.16090153180546393,-0.18806152799999998,0.18464354892573087,1
2021-04-13 14:56:10,-1.000310556,0.05952251504008931,-0.07339259199999998,0.05232717047125374,0.03850879199999999,0.051936571570858174,-0.9637881,0.13551392999186973,-0.134796896,0.12743213879664075,-0.22896289199999997,0.1784571094371614,1
2021-04-13 14:56:15,-0.978657248,0.008721460545268058,-0.11021677999999999,0.01276716296395533,0.148334996,0.024897928545713502,-0.9579765720000001,0.010478479147749215,-0.18201562799999998,0.030450733490839543,-0.26843748799999995,0.03291825431859025,6
2021-04-13 14:56:20,-0.992343752,0.05608283611012473,-0.07249611599999999,0.06576636693885321,0.026114283999999998,0.11438897291623293,-0.963783256,0.12275121313426685,-0.15802245199999998,0.11892010999046487,-0.21562792,0.14775274593506207,1
2021-04-13 14:56:25,-0.983285005050505,0.05302213979769097,-0.11553523232323232,0.11521610709373092,-0.15380982828282827,0.16999946150977957,-0.9567414797979797,0.11512789710876935,-0.015457282828282832,0.16236621558286476,-0.24095198484848485,0.12722966405791183,1
2021-04-13 14:56:30,-0.8443817807017544,0.038529206381894866,-0.1370164298245614,0.0598371808420016,0.44401041228070176,0.0571864644387208,0.039539039473684194,0.030365893790476016,-0.05248169736842104,0.04253230705093966,-1.0960532675438597,0.02764618451665592,7
2021-04-13 14:56:35,-0.864604504,0.04806994022821493,-0.19020801999999998,0.015998449586390323,0.396663108,0.089770243808011,0.05041406399999999,0.035446607195195795,-0.03466307999999999,0.04993501738988895,-1.09494436,0.05083452609148811,7
2021-04-13 14:56:40,-0.786540044,0.022689780721877745,-0.183062492,0.006939703479795525,0.518032244,0.03178592559773716,0.066977544,0.03386294496832451,-0.009169939999999994,0.017021843683984638,-1.092249036,0.014783251101405758,7
2021-04-13 14:56:45,-0.770643564,0.024082668961540533,-0.188251948,0.00655079878213582,0.53848244,0.03178308977827389,0.04755275199999999,0.02725491997621964,-0.015408203999999995,0.01469769024344823,-1.094032228,0.013219697502752217,7
2021-04-13 14:56:50,-0.765943348,0.009930647218970442,-0.18550292799999998,0.00516340450430881,0.544872072,0.01487845477746519,0.035632823999999994,0.02187427547525388,-0.021265655999999997,0.014092560424241847,-1.095383828,0.011735216819369254,7
2021-04-13 14:56:55,-0.7546337959999999,0.0070031226175162956,-0.18673926,0.0034906810581027937,0.5605273399999999,0.00897707590295805,0.046564463999999986,0.014690523021707204,-0.008018560000000001,0.00823710342790035,-1.0941972800000002,0.00725855448242251,7
2021-04-13 14:57:00,-0.755924808,0.007502049976006992,-0.186167968,0.0042563326757152796,0.558983412,0.008683824629912113,0.03023241599999999,0.010694952607658632,-0.016167995999999997,0.006308491036739808,-1.0949824559999999,0.006329220289891636,7
2021-04-13 14:57:05,-0.756938484,0.007722751541206802,-0.18771582,0.00535983497951481,0.5568799,0.00912735148608852,0.034425823999999994,0.00910137061884584,-0.016076187999999995,0.007479727889560115,-1.095235388,0.005388797431383174,7
2021-04-13 14:57:10,-0.7569453119999999,0.0073947843330271,-0.187483408,0.004068312690307924,0.5585068320000001,0.00694978455097684,0.026991211999999994,0.007025154180521334,-0.016511715999999992,0.0068199861648318575,-1.0947549120000002,0.005279151284952305,7
2021-04-13 14:57:15,-0.751001,0.0038217186339745707,-0.18648338,0.0036204230126827843,0.562273444,0.004831383555370087,0.02943456799999999,0.005078077097624031,-0.014478515999999997,0.006410900792057721,-1.094456064,0.0031824499446976478,7
2021-04-13 14:57:20,-0.755156252,0.007256842736514617,-0.18667968,0.0036781201569764718,0.561542,0.01135147240029314,0.026147459999999994,0.018120022011886318,-0.011063463999999999,0.00918747300936963,-1.0946230680000002,0.005913532679064308,7
2021-04-13 14:57:25,-0.750355476,0.0023237490276702432,-0.186056624,0.004416158184561365,0.564349648,0.0059006714419597974,0.018776367999999995,0.007032969133153328,-0.013752935999999999,0.005975873664336659,-1.0950547039999998,0.00470423665331005,7
2021-04-13 14:57:30,-0.74903126,0.029919628265044906,-0.18537206799999997,0.005641296946298911,0.565949244,0.03847486332952157,0.025755875999999994,0.0289201520842288,-0.007868152,0.017287028167395847,-1.094721672,0.018998780791478806,7
2021-04-13 14:57:35,-0.748934572,0.018524575491854784,-0.18488280399999998,0.005781945001952755,0.570168972,0.025533506491554014,0.020401387999999993,0.013945352014225336,-0.008591824,0.008935433760201894,-1.094445336,0.00549742343290996,7
2021-04-13 14:57:40,-0.749625,0.0023045119773642394,-0.185243156,0.005381921735769095,0.569700208,0.007814291092212475,0.029282243999999992,0.011837434159071179,-0.0031064399999999985,0.0071055640869939,-1.094037116,0.004563846503353122,7
2021-04-13 14:57:45,-0.7498740239999999,0.0013233962057879627,-0.183686532,0.006528320918662338,0.5709150399999999,0.007813158396379008,0.027359391999999993,0.011100772329870315,-0.0018193520000000006,0.005148355575191987,-1.094737336,0.004905070223216235,7
2021-04-13 14:57:50,-0.7520380999999999,0.007612535407821863,-0.18257324,0.007120617474014807,0.5669892519999999,0.010314611406269497,0.027401388,0.01777916478079515,-0.007817376,0.007876627225687,-1.094618168,0.00826870489000594,7
2021-04-13 14:57:55,-0.744726568,0.007310723329176086,-0.18411229199999998,0.006086694429247803,0.57703712,0.010257449304507435,0.04338671999999999,0.013211776216268388,0.0011494079999999995,0.006544068548403261,-1.094457048,0.009050003355171268,7
2021-04-13 14:58:00,-0.747653328,0.00839923572806943,-0.18469432,0.006098910522367044,0.575700192,0.010893634344518155,0.027009779999999997,0.010423681235995205,-0.0023672000000000003,0.006210955450365557,-1.0952539,0.00978995692843655,7
2021-04-13 14:58:05,-0.749051748,0.0035329875460434314,-0.185550788,0.004959055585922896,0.577234368,0.003347731945855449,0.031287107999999994,0.004392190498354017,-0.0004980399999999999,0.003010653649290121,-1.0939209,0.002474924963772772,7
2021-04-13 14:58:10,-0.8543242400000001,0.06613455680162816,-0.243665032,0.041548638897367915,0.387231452,0.13188294211816273,0.017124039999999997,0.016473296987944207,0.012904295999999999,0.023349129979069922,-1.095858416,0.02524302037557451,7
2021-04-13 14:58:15,-0.7623916199999999,0.00697113259911592,-0.247880836,0.005089189034533972,0.538935552,0.010217165457367719,0.03693946799999999,0.008810832079702964,0.015296883999999997,0.008209206821679449,-1.093342788,0.006293748165835356,7
2021-04-13 14:58:20,-0.761725608,0.0066190603525074195,-0.243271524,0.007556755271567384,0.5405732440000001,0.008010934632062632,0.025753919999999993,0.013930109664127508,0.009660143999999997,0.008438381713756032,-1.094175784,0.010100659421062827,7
2021-04-13 14:58:25,-0.753681644,0.006880690145091133,-0.240041032,0.0090871360485709,0.55033888,0.010454760288229342,0.016166987999999993,0.010901832244029611,0.009492203999999995,0.012426591779219806,-1.094064444,0.0065427121029058045,7
2021-04-13 14:58:30,-0.758817396,0.00909229886054461,-0.234677732,0.0031334752144951423,0.544111308,0.013973555546947439,0.010099599999999997,0.010545282099699795,0.0034169919999999993,0.006715445852953605,-1.094391612,0.004569271214887186,7
2021-04-13 14:58:35,-0.7528369279999999,0.005932705182456274,-0.233929684,0.002881274126931017,0.549557644,0.005861992600666172,0.013071280000000001,0.005736628820001673,0.002623052000000001,0.0059257960793459566,-1.093988272,0.0023271443464583734,7
2021-04-13 14:58:40,-0.748512704,0.0056650644378261825,-0.23298534,0.005403064393820899,0.559180672,0.010761736024147294,0.020780279999999995,0.010483406284931423,0.008379883999999999,0.008218032695730553,-1.0939609399999999,0.005408062986083492,7
2021-04-13 14:58:45,-0.74967578,0.002162032288859788,-0.233561544,0.004778030607058923,0.561791024,0.004959384580074104,0.017376968,0.005529425388181836,0.0031562479999999995,0.007163342154454374,-1.093972672,0.0036214573533128133,7
2021-04-13 14:58:50,-0.752738288,0.005900528548670109,-0.234599616,0.0038800588830956127,0.5499003880000001,0.010513201077934143,0.011947267999999995,0.009755019419955593,-0.0049960959999999985,0.009641391479940113,-1.095339868,0.009939595725749716,7
2021-04-13 14:58:55,-0.7504472520000001,0.013139341367159519,-0.23441601599999998,0.0031725674233919585,0.55535058,0.02045033376195857,0.020182627999999994,0.021550496110392257,0.003669939999999998,0.010815500516485044,-1.094282228,0.011635908678358578,7
2021-04-13 14:59:00,-0.7460956999999999,0.006735459068948214,-0.23297754,0.00662485206991015,0.566891616,0.007532141459665783,0.018094739999999998,0.012445180829538776,0.0006015520000000004,0.00889754292327844,-1.09424904,0.008647862542421137,7
2021-04-13 14:59:05,-0.74440626,0.016122780474387803,-0.234609384,0.003015524252699439,0.566242188,0.021142320918193593,0.01953319199999999,0.021961451271419272,0.000725576,0.01528529640605992,-1.095330084,0.018137675781864038,7
2021-04-13 14:59:10,-0.7423125119999999,0.00883664190575457,-0.234106448,0.003284911606779297,0.569922852,0.010654686332759598,0.012160175999999997,0.009526689827073673,0.00016504799999999758,0.008895208788739981,-1.095042992,0.005424090645005633,7
2021-04-13 14:59:15,-0.7475527399999999,0.009839342396909274,-0.234291992,0.004266688268323827,0.56140234,0.013245054676138257,0.007640631999999994,0.011660353209593003,0.002643559999999998,0.007167751374417351,-1.0945205120000001,0.006214807603138783,7
2021-04-13 14:59:20,-0.750125,0.0013068392691919192,-0.23424706799999997,0.001892033779472946,0.557928716,0.007105123348862686,0.002859367999999997,0.005939706653792624,0.0004921880000000016,0.004822186254568664,-1.094283208,0.0031000725714941204,7
2021-04-13 14:59:25,-0.749936524,0.0009882702839001873,-0.234414072,0.0028284316689003654,0.560670892,0.004959827975092076,0.008318359999999999,0.007604059277278774,0.0013945440000000004,0.004935789547569424,-1.09428126,0.0027333827168376477,7
2021-04-13 14:59:30,-0.743372088,0.007577711112935114,-0.234311524,0.0008871715860624028,0.568296892,0.009076738929301557,0.015628915999999996,0.01103954650268223,0.0029736400000000014,0.006523009431741327,-1.0948134919999999,0.006569821556715566,7
2021-04-13 14:59:35,-0.749181652,0.005537146092917739,-0.23405272800000002,0.002495444953526385,0.5580107400000001,0.009494109574406828,0.004457052,0.008542208304893573,0.0009267520000000003,0.004972366202231322,-1.094216804,0.003571387543452228,7
2021-04-13 14:59:40,-0.7438173880000001,0.010910953300107471,-0.236052752,0.005333956039434385,0.564671892,0.014842725199833352,0.016021487999999993,0.013013728895629092,0.006586923999999999,0.009774722829820968,-1.09361818,0.005543592548245602,7
2021-04-13 14:59:45,-0.741989256,0.007564708936345831,-0.23391700399999998,0.006881429743391774,0.569781264,0.007559207701777923,0.011558603999999998,0.007196474617119365,0.005557628000000001,0.009131394991103499,-1.094543944,0.006460298306867771,7
2021-04-13 14:59:50,-0.74068456,0.007692222447585147,-0.23460937999999998,0.0022043760101162165,0.570249044,0.008122722113936038,0.014374019999999998,0.00995240729711312,0.005549824000000002,0.007700853417541317,-1.09391114,0.0036809627113473155,7
2021-04-13 14:59:55,-0.7358622880000001,0.006256428981733206,-0.23503223599999998,0.0029458508600168154,0.5765146680000001,0.008373376756782161,0.016291023999999998,0.013301247353993254,0.007257807999999998,0.0078283415767649,-1.094387696,0.006259629230232721,7
2021-04-13 15:00:00,-0.7454296920000001,0.009556332940317706,-0.234493168,0.0012466705328376708,0.56567776,0.011329325132514983,0.005155284000000001,0.010346544294143173,0.0018242239999999997,0.005030500694241384,-1.09408694,0.004237761821222912,7
2021-04-13 15:00:05,-0.74107618,0.0076709219980914374,-0.23959767599999998,0.007579449333283246,0.566165076,0.009048746818103394,0.01169826,0.007083143895628885,0.004635743999999999,0.007008838295142338,-1.09432326,0.0053883298811442755,7
2021-04-13 15:00:10,-0.7300625,0.020678046883729196,-0.244416012,0.007230313093190239,0.577665036,0.026124612775645394,0.024356451999999994,0.019360453379503678,0.012332067999999996,0.016670099762380753,-1.094056632,0.025163323842365522,7
2021-04-13 15:00:15,-0.7281123119999999,0.02097939171151056,-0.24911913200000002,0.0034512762185491546,0.580634772,0.025864629587737404,0.025557611999999993,0.021061104692416184,0.007137687999999999,0.015466693776244758,-1.093823244,0.01729491978199165,7
2021-04-13 15:00:20,-0.731003904,0.007253479924757414,-0.248619128,0.005874553117381081,0.579345696,0.010558362815558284,0.01754982799999999,0.010635304120775364,0.019313503999999995,0.017270888935444678,-1.09375684,0.006982599089636067,7
2021-04-13 15:00:25,-0.736074224,0.006661343840161094,-0.24819628800000001,0.004965584994176774,0.574889652,0.00839704549703128,0.011372083999999998,0.007885976043431418,0.014724599999999994,0.008006609182068112,-1.0943545120000002,0.0061043274552220845,7
2021-04-13 15:00:30,-0.732239252,0.007702586612208351,-0.248291984,0.004655550646597697,0.5778974520000001,0.007881754666200107,0.014697295999999993,0.009917251466965022,0.012101575999999996,0.0098821732693942,-1.094494148,0.009269018638029848,7
2021-04-13 15:00:35,-0.729034188,0.016187116074579316,-0.247684572,0.005450693457670689,0.5799531480000001,0.02032608580871656,0.011195316,0.01699873821965576,0.013380859999999996,0.015557039011961062,-1.094064476,0.012034187502478188,7
2021-04-13 15:00:40,-0.8056479505494506,0.11126101539318924,-0.2374857802197802,0.020248832404400105,0.4262615,0.25674184176878134,0.01610926373626373,0.03892509268474122,0.025000236263736257,0.04664960793643854,-1.0930685934065933,0.030069833640373498,7
2021-04-13 15:00:45,-0.9469604861111112,0.029466424219906535,-0.05995006944444444,0.0632564326347405,-0.41101924305555554,0.046927322407517645,-0.9591437777777778,0.05734458715878777,-0.0407562361111111,0.08766695603829748,-0.29207697916666664,0.09407116378062685,6
2021-04-13 15:00:50,-0.977626972,0.04702239990684455,-0.137638676,0.06503823966317786,-0.29308007599999997,0.08323096444945824,-0.9565068,0.12182694127610186,-0.081639676,0.11959155344041729,-0.26637306,0.15999680938902203,1
2021-04-13 15:00:55,-0.995859376,0.017724054608856836,-0.12434275999999998,0.035184813088471635,-0.12367872399999999,0.12002579344447477,-0.96998828,0.00994986479018541,-0.12232421599999997,0.020816097695157992,-0.21425587199999999,0.03637222359831137,6
2021-04-13 15:01:00,-1.001834976,0.026339354258646423,-0.11818263999999999,0.06359490089317581,-0.083083988,0.05329387915663582,-0.9712675759999999,0.08047316077376299,-0.09367575999999998,0.07645162116056607,-0.15734178399999998,0.11066993547333455,1
2021-04-13 15:01:05,-1.005693352,0.06688003696144273,-0.11956640399999999,0.06404344355753848,-0.10639357199999998,0.056365443222202695,-0.959880884,0.15842476666453828,-0.09307229199999999,0.12875604987262512,-0.23726856,0.1976787476884176,1
2021-04-13 15:01:10,-0.9999482319999999,0.05026751712006314,-0.092847644,0.09408502577666034,-0.10282031199999998,0.06331622539945027,-0.97393652,0.09846034159945374,-0.095898444,0.16658013545379918,-0.16876171599999998,0.13830420995376488,1
2021-04-13 15:01:15,-0.989998064,0.014132160412179247,0.04778319599999998,0.01846609574321476,0.03176661199999999,0.058087817155311756,-0.975836936,0.01033814306478761,-0.09318945999999999,0.03515030133858273,-0.154755852,0.021136300908305636,6
2021-04-13 15:01:20,-0.9829111319999999,0.007025867931818651,0.024895511999999988,0.01707924536044214,0.11029297599999999,0.013704159087247139,-0.976093776,0.007827729339230963,-0.06705959199999999,0.017514933889631698,-0.14831640799999998,0.01712549555046311,6
2021-04-13 15:01:25,-0.994816416,0.04725412711262001,0.018724635999999996,0.05764297185280785,0.007387707999999998,0.07010882529605175,-0.965040036,0.10488712845240195,-0.038929703999999996,0.09815363451713886,-0.20527146,0.1567537912948508,1
2021-04-13 15:01:30,-1.004215808,0.08476382140033974,-0.06998141999999999,0.07031699519302215,-0.050297843999999994,0.05681569157406977,-0.970966812,0.15360049455192207,-0.08844434,0.14367451538134607,-0.22763867599999998,0.18591221925326404,1
2021-04-13 15:01:35,-1.001653356,0.013849502661581645,-0.03699905199999999,0.039841231026867624,-0.039733396,0.03802729633346176,-0.963661136,0.020322978902399456,-0.078056616,0.07310697574897479,-0.274689468,0.048884801000766205,6
2021-04-13 15:01:40,-0.997056676,0.039371688375292084,-0.06602247599999998,0.05450420859260914,0.008567427999999998,0.09999000831539355,-0.960871076,0.09683316535912737,-0.07889452799999999,0.1158659843391352,-0.225125992,0.1465690937957945,1
2021-04-13 15:01:45,-1.0012353520000001,0.03175753220707858,-0.07029003199999999,0.0714687268446427,-0.06637889999999999,0.07232377786246509,-0.9621963,0.07795863842066263,-0.077816412,0.1055803671696636,-0.26170604,0.13806150281772087,1
2021-04-13 15:01:50,-0.9997900479999999,0.01917584481139273,-0.023402331999999998,0.03541183644454599,-0.0005488359999999996,0.030961693338748677,-0.9719550880000001,0.05216732971851347,-0.11418555599999998,0.07714763992651877,-0.12055470399999998,0.05511368309887549,6
2021-04-13 15:01:55,-1.0023935400000001,0.024635453480077802,-0.02383496799999999,0.03874191184964987,-0.027661147999999993,0.0324477966569946,-0.959703128,0.06994364484882505,-0.116598604,0.10559330519687692,-0.18945021599999998,0.16471366570662985,1
2021-04-13 15:02:00,-0.998630848,0.033924612098371824,-0.034612343999999996,0.06842946045793373,0.013820315999999997,0.030889586569097714,-0.955995112,0.08200932160428734,-0.10672266,0.11708254706085537,-0.218281248,0.16747086060873584,1
2021-04-13 15:02:05,-0.9961152560000001,0.06346711490863419,-0.09119139999999999,0.08915307606065145,0.012856439999999998,0.09578277086977788,-0.966876968,0.11371573896254716,-0.09838865599999999,0.13354587650249988,-0.15862593199999997,0.17026067591760302,1
2021-04-13 15:02:10,-0.962500016,0.010354985974780252,-0.17245117599999998,0.03252214033857295,0.19119726799999998,0.02336629354390842,-0.968884752,0.010498389323895345,-0.12459278799999998,0.032453197896136494,-0.22537205999999999,0.03349258135179827,6
2021-04-13 15:02:15,-0.95295412,0.024828502669084783,-0.11718652799999998,0.034173745961444776,0.226386716,0.04767123136082362,-0.97175882,0.05148478496253193,-0.09645897599999999,0.09231802128002774,-0.132011744,0.09338610901281126,6
2021-04-13 15:02:20,-0.975159196,0.02849311078923058,-0.12052536399999998,0.07156406066681796,0.13297653599999998,0.09888179934893296,-0.972786168,0.011494550923961767,-0.06961914799999999,0.07823879671428546,-0.152659192,0.03464459211708188,6
2021-04-13 15:02:25,-1.001068344,0.08324099827363932,-0.053102547999999986,0.057128028763552954,-0.03741309999999999,0.07286340460222063,-0.96351758,0.20976966442497705,-0.134322276,0.15211192278629176,-0.215524416,0.24108777628181188,1
2021-04-13 15:02:30,-1.0046484,0.11052164013528201,-0.05608497199999998,0.0713366409611336,-0.04740138399999999,0.07366521152997232,-0.97845212,0.20687409729923922,-0.151109356,0.2039237643724847,-0.18709865199999998,0.23731518757709105,1
2021-04-13 15:02:35,-1.005779316,0.10280628617166256,-0.05992964799999999,0.07107332522169181,-0.029958031999999992,0.08439802400282426,-0.971228504,0.22253800501495052,-0.12578224,0.19568159916656427,-0.22176656799999997,0.2517300246137626,1
2021-04-13 15:02:40,-1.002498056,0.10428838308994402,-0.038467815999999995,0.062456622119937556,-0.05065431199999999,0.06837628536591044,-0.980269532,0.21524573324020488,-0.13770112799999998,0.19442000730445577,-0.19798826799999997,0.23304342268405984,1
2021-04-13 15:02:45,-1.007486316,0.11720588639956171,-0.04822360799999999,0.07061674839712649,-0.04199023599999999,0.07435915793130875,-0.992910112,0.24566417031140414,-0.152732416,0.22346616799315527,-0.194931644,0.24363731612809578,1
2021-04-13 15:02:50,-1.0058642599999998,0.11783211435075704,-0.06996677999999999,0.07673350320167853,-0.035898476,0.07432131478470176,-0.970909168,0.25556150822017565,-0.13588870799999997,0.1868043726653375,-0.22015722,0.2473682278346916,1
2021-04-13 15:02:55,-1.002526372,0.11220057041959966,-0.060087871999999994,0.07435930997058016,-0.06374609999999999,0.07612915375834571,-0.9783574079999999,0.23456610229312647,-0.13569336799999998,0.21890509876829178,-0.19120506,0.2681638027525775,1
2021-04-13 15:03:00,-1.00320606,0.09954818440224576,-0.047076159999999985,0.07848722615030725,-0.05790331999999999,0.06096201862877228,-0.97250878,0.21822739955926068,-0.13558004399999998,0.18211552561446642,-0.192989264,0.2326450529528104,1
2021-04-13 15:03:05,-1.010929704,0.11118160408053153,-0.07594727199999998,0.07843497516948268,-0.09555955599999999,0.07967518256053813,-0.986891592,0.23789492912642285,-0.132412116,0.20350666143364946,-0.184355456,0.26680191881280174,1
2021-04-13 15:03:10,-1.000150444,0.11619756090680054,-0.04561619999999999,0.0810776785296609,-0.10092871999999999,0.08433014517510697,-0.984291008,0.2723378512271329,-0.165788072,0.21018420275023963,-0.17992286799999999,0.27246098514224976,1
2021-04-13 15:03:15,-1.008987312,0.12119525351905841,-0.05857030799999999,0.07880806275513952,-0.08829982399999999,0.08175699702432056,-0.995939444,0.25838386560598714,-0.153510752,0.2107050685599516,-0.182015616,0.2694157919138648,1
2021-04-13 15:03:20,-1.0016435719999999,0.1151484450378701,-0.051188455999999986,0.08066565041365932,-0.09604980799999999,0.07781038840547175,-0.978382828,0.2765729464587052,-0.144598636,0.19405328080341688,-0.171970732,0.2643050904612377,1
2021-04-13 15:03:25,-1.0082509800000001,0.10438405235627166,-0.04544821999999999,0.07167520339892107,-0.05437400799999998,0.07329370340970617,-0.9823105560000001,0.24497054803001808,-0.15986035199999998,0.18884490018006891,-0.174709032,0.26066359744746875,1
2021-04-13 15:03:30,-1.00487698,0.10893159459462308,-0.06951659999999998,0.07560379786135245,-0.09069335999999999,0.06792999154934419,-0.974094748,0.2085934347978179,-0.138132792,0.1711859132449242,-0.19119338,0.24158972607715698,1
2021-04-13 15:03:35,-1.002793944,0.08571807227636405,-0.036249024,0.08673070034691341,-0.05957617599999999,0.06718613302798457,-0.967444332,0.1597434976594153,-0.15932911199999997,0.18203527890740034,-0.188079096,0.1998676323431099,1
2021-04-13 15:03:40,-0.978802708,0.026864505193356425,-0.030743171999999996,0.0402117089521176,0.10578515999999999,0.12053881533494433,-0.9728066360000001,0.017244631391095746,-0.124257816,0.06069714760477273,-0.17191896399999998,0.060349488635954435,6
2021-04-13 15:03:45,-0.960724604,0.027599003521662592,-0.10001171599999997,0.038359466799839856,0.19502445999999998,0.08593819528944532,-0.97016896,0.01297729142530712,-0.11957225199999998,0.0724884792328994,-0.1943799,0.06113989992570894,6
2021-04-13 15:03:50,-0.967558616,0.009716296695472137,-0.06064451999999999,0.013474030015888946,0.19275684799999998,0.024492976496775225,-0.973375012,0.0070325558856646165,-0.10987791599999998,0.014849783321237204,-0.09033787999999998,0.020976763405958478,6
2021-04-13 15:03:55,-0.974666064,0.013866349845726603,-0.0654424,0.02712189481258453,0.16455177199999999,0.043170935099037674,-0.97564554,0.007975813295665175,-0.09308299999999999,0.017513074011530173,-0.136707064,0.029288688702287468,6
2021-04-13 15:04:00,-0.982337876,0.01279800530127211,-0.07643653199999999,0.03522715683041132,0.128826168,0.04300224771723818,-0.9752783359999999,0.009056421709251795,-0.09668849599999998,0.03298102184264647,-0.124917984,0.03161897304965177,6
2021-04-13 15:04:05,-0.973277336,0.01737309804420952,-0.10481641999999998,0.030455146131370528,0.16220507999999997,0.07465602143556775,-0.97365724,0.02444828190821301,-0.09642967199999998,0.07673994012877705,-0.16378614399999997,0.03791513985219238,6
2021-04-13 15:04:10,-0.958053708,0.010657790879938416,-0.073499028,0.015257072542973073,0.223402368,0.02922693078963482,-0.972705116,0.006673045256441908,-0.12230860399999999,0.017859014415773207,-0.15991213199999998,0.0199366441483558,6
2021-04-13 15:04:15,-0.957561532,0.008022215239594142,-0.058361335999999986,0.010616437307284492,0.223932632,0.02150288673047296,-0.9730723,0.006867802399691201,-0.11525880399999998,0.019230251095457965,-0.10998632399999998,0.01724485837170208,6
2021-04-13 15:04:20,-0.9719121159999999,0.016847251438101632,-0.07105565999999999,0.03964463124807169,0.159598648,0.07058132361030378,-0.96769336,0.028994840644057576,-0.09933787999999999,0.05462769283441546,-0.10923047599999998,0.06259544055724545,6
2021-04-13 15:04:25,-0.970501984,0.03148620292308675,-0.09505565999999999,0.03979904734456012,0.17193752799999998,0.08789305655449231,-0.972719708,0.05288047683050925,-0.11228420399999998,0.08166718022836465,-0.056867131999999994,0.09204976020563137,6
2021-04-13 15:04:30,-0.978894556,0.019030730685302772,-0.08170021599999999,0.030657387807411778,0.12349122,0.10254327527159104,-0.96549122,0.017834044864036,-0.09620995199999999,0.07209530474831706,0.0005576240000000036,0.05708592867990858,6
2021-04-13 15:04:35,-0.9787031399999999,0.01962594387018317,-0.10561525199999998,0.04187224426845071,0.123114268,0.10490532066967524,-0.96669042,0.017356650018105563,-0.08081053999999999,0.0820950915858577,-0.013089855999999995,0.03330774491098859,6
2021-04-13 15:04:40,-0.98405862,0.03651972978874526,-0.07679491599999999,0.04350442246712091,0.10926759999999999,0.08612953883419534,-0.966573268,0.08411457581001623,-0.10037303599999998,0.08615981564895173,-0.09881739199999999,0.15313073759522014,6
2021-04-13 15:04:45,-0.997377916,0.0785606113523895,-0.08301075999999999,0.057613169938616475,0.05274610799999999,0.058042765213719406,-0.959642568,0.19582082359307984,-0.13709767599999997,0.16505294731869946,-0.20360742399999998,0.21015506783122034,1
2021-04-13 15:04:50,-0.977854508,0.054929688505279975,-0.029308608,0.06288171941696308,0.10438768,0.12047931775225905,-0.97408692,0.11649236516958879,-0.09373341599999999,0.12997587174899278,-0.19279394,0.1570620716286447,1
2021-04-13 15:04:55,-0.9536572320000001,0.012165444295289181,-0.0007451239999999997,0.02196399651923601,0.22812501599999999,0.02516795203903366,-0.973461912,0.008876984941231075,-0.06355857599999999,0.024874971442582623,-0.193173824,0.026638360282177937,6
2021-04-13 15:05:00,-0.956418952,0.009372413014617052,0.020131831999999992,0.012125418865111159,0.212827152,0.02127921791998096,-0.974238312,0.007262130366531435,-0.05995117199999998,0.015754294682090223,-0.187666,0.015430105477676058,6
2021-04-13 15:05:05,-0.99346386,0.04815075357874687,-0.0009423800000000025,0.06725615812180188,-0.014770476,0.1200472757640209,-0.965833032,0.10286676037983869,-0.09629394799999999,0.12604971138665857,-0.19106733999999997,0.14619266624995073,1
2021-04-13 15:05:10,-0.992988292,0.05716469297531986,-0.014946283999999999,0.06690947837792915,0.04519820399999999,0.04850765444464687,-0.964787108,0.11988328778072779,-0.11650490799999999,0.1570741340392755,-0.20044041999999998,0.16522633861027672,1
2021-04-13 15:05:15,-0.994780268,0.06940477826064871,-0.077526372,0.08101232890500101,0.042285135999999994,0.0678251739643229,-0.955937512,0.15939340327509266,-0.08746093199999999,0.1382623168913353,-0.22573438399999998,0.2099014602952462,1
2021-04-13 15:05:20,-0.9760038839999999,0.03404452342181655,-0.12676078799999999,0.05687513309898415,0.152644544,0.044071582593973355,-0.96915624,0.0737007385808572,-0.059752919999999994,0.09184127015826125,-0.17688960399999998,0.11451434865321052,6
2021-04-13 15:05:25,-0.95929594,0.015742257684474945,-0.10769435999999999,0.028507081018427055,0.215863288,0.037674828222400786,-0.972973664,0.012870883939677905,-0.12308596799999998,0.03837824461245082,-0.07400096799999999,0.03908641023654761,6
2021-04-13 15:05:30,-0.9664189519999999,0.0376610907373086,-0.10272071199999998,0.024677111257135526,0.19662109199999997,0.061890640832537695,-0.966692392,0.10795716555508991,-0.09122464,0.07114243298235585,-0.09748733599999998,0.134398400049549,6
2021-04-13 15:05:35,-0.985555692,0.08057407061442687,-0.07288675199999999,0.05585829372965172,0.08553418399999999,0.06375662140674451,-0.96660938,0.17965300408862606,-0.13156443199999998,0.18040591687078705,-0.18578612399999997,0.19616944304067382,1
2021-04-13 15:05:40,-1.003740256,0.08635732774250116,-0.106495156,0.06427532588402529,0.022740263999999993,0.05022586010076634,-0.968884736,0.18905128751238554,-0.094730476,0.16869634002572112,-0.198160168,0.2168184430874256,1
2021-04-13 15:05:45,-0.988040032,0.027315862536324762,-0.127972652,0.08287075431076413,0.06399706799999999,0.05479325742926966,-0.969531276,0.04653387947407196,-0.12019139599999998,0.09318498692997572,-0.174901396,0.09046119567369226,1
2021-04-13 15:05:50,-0.997418948,0.09501722279718378,-0.08840428399999999,0.06250908733681904,0.03611619199999999,0.06355981731534299,-0.9670820680000001,0.18422137224486876,-0.11417967999999999,0.14818800570663893,-0.19191213999999998,0.21981290712268772,1
2021-04-13 15:05:55,-1.002430664,0.10068354618060052,-0.06645118399999998,0.06546465249865166,0.0015439600000000026,0.06831172052691828,-0.979344704,0.1888227493981206,-0.13420217199999998,0.18296402722491614,-0.16575195599999998,0.23199472206161026,1
2021-04-13 15:06:00,-0.97701078,0.08851871969393037,-0.11832225199999999,0.07917289352317382,0.134573232,0.11106670166463402,-0.978978536,0.16858715571085303,-0.08991305999999999,0.19575868988675085,-0.152521472,0.18656274268638923,6
2021-04-13 15:06:05,-0.96011522,0.012728601864513642,-0.10708596399999999,0.021786489439537992,0.214403332,0.036626612525898015,-0.9757207120000001,0.008086149455527296,-0.10101367199999998,0.029359730855647845,-0.125371076,0.019345558236560693,6
2021-04-13 15:06:10,-0.950346688,0.022610553190157017,-0.100881848,0.047693861848933525,0.23374805999999998,0.052702026736139745,-0.979049808,0.023258864913995383,-0.09326663599999999,0.05196958271780672,-0.11984177199999999,0.04908784553476548,6
2021-04-13 15:06:15,-0.998827168,0.10402659394977293,-0.07898925999999999,0.06715749765407454,0.034499027999999994,0.06318160826861606,-0.968217792,0.21305799720551602,-0.11464060799999999,0.16229547427654573,-0.20670212799999998,0.22357591032308188,1
2021-04-13 15:06:20,-0.991263708,0.10042759797335356,-0.086559532,0.0784894488569799,0.05232617999999999,0.08774691616331762,-0.9684961,0.20750183110603004,-0.11161229999999998,0.22477008399867876,-0.20532226,0.23594274228203474,1
2021-04-13 15:06:25,-0.98374512,0.03622968602701468,-0.125764676,0.061816165210276816,0.10908106799999999,0.08572843654433877,-0.972176788,0.03940930165912733,-0.06427535999999999,0.09187318472431415,-0.10421877999999998,0.0805240781760836,6
2021-04-13 15:06:30,-0.986930676,0.03328737005640597,-0.111486332,0.03410154400380647,0.111787112,0.05794044054882065,-0.968104516,0.09150653667977086,-0.094959004,0.08139790962135879,-0.13862502399999999,0.11944222156390052,6
2021-04-13 15:06:35,-0.993747092,0.08691478926858158,-0.09151755599999999,0.06470194803848461,0.06065819999999999,0.06077025796585816,-0.9692812599999999,0.21634639748392748,-0.128083988,0.18998421564512413,-0.183254868,0.2084259073063339,1
2021-04-13 15:06:40,-0.9849277479999999,0.06629654184646211,-0.12328905999999999,0.07904356679080499,0.090530272,0.08839764582101042,-0.9657197479999999,0.1519568544116362,-0.087366196,0.1605938381175907,-0.11129101599999999,0.17946158347084526,1
2021-04-13 15:06:45,-0.996425796,0.08584040126242398,-0.08482227999999999,0.06321761229291778,0.05144042799999999,0.05215065754845051,-0.971152376,0.2113238632392757,-0.11150097599999999,0.14346601940176415,-0.16880369199999998,0.20319372271168934,1
2021-04-13 15:06:50,-0.963701144,0.08890018844100755,-0.09800293599999997,0.06910325383504215,0.17479980799999997,0.12339877312872212,-0.96840334,0.15386360437675844,-0.10293456,0.17929728047256555,-0.16365235199999997,0.20107851985670452,1
2021-04-13 15:06:55,-0.9244697159999999,0.011077407650364515,-0.126701176,0.0207054611084098,0.301468772,0.021190330608776536,-0.971863284,0.008311862355127547,-0.133883812,0.024563132102633452,-0.09155179999999999,0.022128092812850702,6
2021-04-13 15:07:00,-0.91648434,0.01595109956478548,-0.11674319999999999,0.02651510892554155,0.32144533200000003,0.03443628551394235,-0.974531252,0.008309180406309298,-0.10903611599999997,0.030518405316049574,-0.11853123999999998,0.02659933279016466,6
2021-04-13 15:07:05,-0.9891181800000001,0.07304472662220628,-0.0843838,0.07663796592350013,0.07528806399999999,0.09634143353470505,-0.9787881039999999,0.178494854418284,-0.08353905599999999,0.11589330509722423,-0.14409861999999998,0.18267277733956802,1
2021-04-13 15:07:10,-0.997437464,0.09358715861007605,-0.06429590399999999,0.05919331138506867,0.045556627999999995,0.06940026519116502,-0.966074216,0.19550858503781182,-0.131485332,0.15003309455550595,-0.191856428,0.23043470619495113,1
2021-04-13 15:07:15,-0.994579108,0.08116892660159399,-0.09481735599999999,0.06122759783614251,0.05887205999999999,0.05789523295411846,-0.965656252,0.20146618836413316,-0.11259765599999999,0.14720529382282255,-0.200781288,0.22924736269122173,1
2021-04-13 15:07:20,-0.9963906480000001,0.08912150715738659,-0.07580759999999999,0.061117115370317956,0.031041003999999994,0.052951423227589375,-0.9714931360000001,0.19132394929724905,-0.13099904799999998,0.1280082984715758,-0.18021483199999996,0.21731318715380232,1
2021-04-13 15:07:25,-0.997744128,0.07929523360015046,-0.09770021999999999,0.060891173381655055,0.074163076,0.06950813175424939,-0.95615916,0.18304846982199846,-0.11533886399999999,0.16193778269482997,-0.22615919199999998,0.22454640815092333,1
2021-04-13 15:07:30,-0.9935839959999999,0.09955624245288354,-0.06240819999999998,0.05900813660694,0.04669042799999999,0.061426403679531956,-0.974250004,0.19636112127307292,-0.136549836,0.1355622308985281,-0.185054692,0.21072641049193727,1
2021-04-13 15:07:35,-0.9947666000000001,0.0947535075099903,-0.04502347999999999,0.06400553280290018,0.042176771999999994,0.07150483840528192,-0.962926756,0.1961487471445534,-0.13592091199999998,0.14413529841940192,-0.2033877,0.24064325597635525,1
2021-04-13 15:07:40,-0.9633027399999999,0.08817291097146054,-0.009660151999999997,0.07764439804508776,0.143162116,0.1762356209676066,-0.975755888,0.13880194977631352,-0.052361371999999996,0.14735402678785536,-0.22199021599999996,0.18402364699459173,1
2021-04-13 15:07:45,-0.9479550840000001,0.035669954727951654,-0.05501465999999999,0.07771031940896247,0.22742579599999999,0.09070777816545397,-0.968707048,0.04052078400801486,-0.051868175999999995,0.14015599822109087,-0.205959004,0.07837979683251295,6
2021-04-13 15:07:50,-0.943243164,0.017365653751991027,-0.14476856,0.02353850241178397,0.252960964,0.0371140839884255,-0.970639664,0.008709310043674569,-0.148178704,0.04099712901262103,-0.09573243999999999,0.04628150668908749,6
2021-04-13 15:07:55,-0.948806644,0.024637807174314366,-0.09120801999999999,0.027966996892055417,0.23840918399999997,0.0654564066651094,-0.9686083999999999,0.01576547357704278,-0.122363296,0.050217418087251185,-0.06989062399999998,0.0917152639356271,6
2021-04-13 15:08:00,-0.9673525479999999,0.048835479020362754,-0.10177149599999999,0.057417776092002985,0.16906933999999998,0.1069689559938305,-0.96928714,0.09976834955912325,-0.07634669599999999,0.10087563705956097,-0.121195316,0.13431162062602364,6
2021-04-13 15:08:05,-0.971310552,0.05282766504056228,-0.11545117599999999,0.08375685634240623,0.144786128,0.10407484202531361,-0.9744843839999999,0.12261618484547945,-0.052006835999999994,0.09541636342585459,-0.11557517999999999,0.1462366604031254,6
2021-04-13 15:08:10,-0.993704104,0.09748447131964698,-0.05507126799999999,0.05676292946536618,0.05356151599999999,0.05862734945516725,-0.9625370599999999,0.20298623753924244,-0.125733416,0.14862448867419395,-0.194258772,0.23305760463752628,1
2021-04-13 15:08:15,-1.001067364,0.10317977984054473,-0.051023439999999996,0.05525386572805541,0.03143163599999999,0.06080820164607091,-0.976006852,0.21324203366958455,-0.137436548,0.15873797211638488,-0.19378321599999998,0.24053209044140822,1
2021-04-13 15:08:20,-0.995797876,0.08547857851081488,-0.08497366399999999,0.06786312459915579,0.048322271999999986,0.0581969356822956,-0.967241208,0.17299973899561502,-0.11289356799999999,0.14688100095684842,-0.19868168,0.21495202526778964,1
2021-04-13 15:08:25,-0.988360336,0.06966211630347315,-0.12379685999999998,0.06191349348157291,0.10308008399999999,0.059694612922009796,-0.96285646,0.15765016916000155,-0.079526344,0.13487862624258154,-0.221488304,0.1805092547199556,1
2021-04-13 15:08:30,-0.98932326,0.0867474122459794,-0.07337305999999998,0.05541524039497195,0.07795411599999999,0.05576144211392889,-0.967778292,0.17838596790315578,-0.117413092,0.13722272120499268,-0.19436035999999998,0.20303435893845306,1
2021-04-13 15:08:35,-0.99149802,0.07684340945736162,-0.109889644,0.0727128566475879,0.07904199599999999,0.06915092884016681,-0.96978714,0.1598775056550305,-0.12094722799999998,0.12351150524448745,-0.17218359199999997,0.19938538659607374,1
2021-04-13 15:08:40,-0.9872285399999999,0.07327229700503439,-0.09691602799999999,0.07315331677308165,0.09263279999999999,0.06944255069783718,-0.9729316760000001,0.16795057605459804,-0.113838844,0.11577363718029889,-0.143577136,0.17742911045295245,1
2021-04-13 15:08:45,-0.997991188,0.09764853646497558,-0.06705954799999998,0.05243028948221103,0.048689443999999985,0.06742013903412233,-0.9751894200000001,0.19852102608631922,-0.160699208,0.16313883503856372,-0.192301728,0.22691921919781818,1
2021-04-13 15:08:50,-1.001943364,0.09009904092219798,-0.062304695999999986,0.055288411049741734,0.017205095999999996,0.055610475500758545,-0.968339844,0.19215508172926676,-0.143463852,0.14647264425823034,-0.179577136,0.2190944779226127,1
2021-04-13 15:08:55,-0.9929159879999999,0.06179585368978126,-0.039258799999999996,0.06663849738370631,0.05126464799999999,0.05449494710385082,-0.967520496,0.12106246696724283,-0.159034176,0.17280059439101647,-0.128687508,0.200902435057023,1
2021-04-13 15:09:00,-0.9957988360000001,0.045198702825785135,-0.05159278399999999,0.04136185706499169,0.05574411599999999,0.044489670584455875,-0.958458984,0.11856480356521311,-0.1173379,0.11839457034285261,-0.198388668,0.17675888251740274,1
2021-04-13 15:09:05,-0.98889358,0.059936634169243705,-0.06758985999999999,0.04632199253462562,0.08315724,0.06070600068013625,-0.962175804,0.1564478277175998,-0.11795119199999998,0.1289675145451246,-0.21153811199999997,0.1975570261198745,1
2021-04-13 15:09:10,-0.995367176,0.0841698942809726,-0.03958397199999999,0.05045438543645435,0.07513770399999999,0.056837852826086784,-0.9689863400000001,0.18280798336789492,-0.1394092,0.1427612622493515,-0.21636229199999998,0.21564290074377013,1
2021-04-13 15:09:15,-0.99701076,0.08613915753272838,-0.05011421999999999,0.054452050206787346,0.029692419999999994,0.0614122209830902,-0.973880852,0.16965372199053882,-0.146482376,0.1333577473115479,-0.176311512,0.21518277923400225,1
2021-04-13 15:09:20,-0.9943974919999999,0.08341562340580239,-0.05031642399999999,0.05025153085406382,0.06720607199999999,0.07085590049013482,-0.961554704,0.18714940982781644,-0.119334972,0.13958925765369068,-0.19776075999999998,0.21601650336477105,1
2021-04-13 15:09:25,-0.99557226,0.08358851390032397,-0.047169927999999986,0.05111900971470069,0.05141404399999999,0.05648371292847887,-0.977346664,0.15339335937433432,-0.13639843999999998,0.15071927427579823,-0.176074192,0.1991069791963252,1
2021-04-13 15:09:30,-0.9899941680000001,0.07017772649600705,-0.04897074399999999,0.05540999966679987,0.07465625599999999,0.07264535428274768,-0.965692388,0.13619489039120422,-0.11868456799999999,0.13261822196283482,-0.184489264,0.19496882381414785,1
2021-04-13 15:09:35,-0.971986324,0.06741261412340283,-0.026258779999999995,0.06387737269617359,0.126822276,0.1386416517977938,-0.963994144,0.13854200201607364,-0.08906056399999998,0.10706666150332589,-0.17553418399999998,0.17843501896653724,1
2021-04-13 15:09:40,-0.933317384,0.013568463144400248,0.03035449199999999,0.021262755249051326,0.26929685999999997,0.02593488909205645,-0.975031268,0.00889883614858559,-0.05182812799999999,0.025479515707689766,-0.16245706399999998,0.030275669424412222,6
2021-04-13 15:09:45,-0.9643877240000001,0.04045462205293248,-0.005524404000000002,0.05897110445010372,0.176168944,0.0802072346712646,-0.968892596,0.06995500418304455,-0.04264843199999999,0.09083739996759521,-0.20509864,0.12268692955953123,6
2021-04-13 15:09:50,-0.973164048,0.04083100521969427,-0.010451172000000002,0.042831273546567565,0.15187401599999997,0.08146990666132715,-0.9667138559999999,0.08487967063432343,-0.041192392,0.11231422076459494,-0.22028810399999998,0.1420912473253121,6
2021-04-13 15:09:55,-0.9917607359999999,0.07256493090328339,-0.02996486799999999,0.07269498877020186,0.05626366399999999,0.07780747988877207,-0.9670839720000001,0.14176992398371602,-0.09747072,0.1437693158186875,-0.18302730399999997,0.18509940847840603,1
2021-04-13 15:10:00,-0.9583818159999999,0.0601644599764278,-0.0051230400000000014,0.04727089569234571,0.17014646,0.13851654675515232,-0.969720684,0.11780771477366374,-0.09256541599999998,0.1122302877406466,-0.19595312399999998,0.16452190317734905,1
2021-04-13 15:10:05,-0.8994209080000001,0.00868834657066952,0.021414067999999998,0.01408388126124682,0.34838284799999997,0.012179694727847263,-0.967579112,0.009925411190710144,-0.02496582399999999,0.03329237982630591,-0.250500988,0.033700790203036665,6
2021-04-13 15:10:10,-0.9148398680000001,0.01579391662851385,0.001918952000000001,0.045112786319042246,0.31840336,0.025461080491873365,-0.9607627,0.011742722054404093,-0.046710923999999994,0.04356321109829949,-0.2965664,0.030305740408026905,6
2021-04-13 15:10:15,-0.907015648,0.011014597746361494,-0.0001054679999999986,0.02869385613640807,0.337448264,0.01718422346440481,-0.966371108,0.00974468275977678,-0.03073240399999999,0.04651025416299086,-0.26600293999999997,0.020960537125051998,6
2021-04-13 15:10:20,-0.978800796,0.07545684314919722,-0.068559548,0.06834290283944473,0.11749806399999999,0.11304069077019611,-0.970183608,0.13953489542215677,-0.112318384,0.12238907917868071,-0.209702148,0.16922636228258195,1
2021-04-13 15:10:25,-0.984727568,0.028665394431001898,-0.06302831199999999,0.033178694852557596,0.11929785599999998,0.03778986597654675,-0.962715856,0.07086182785856639,-0.10522459999999999,0.10369264047936252,-0.24376758799999998,0.13087482614751705,6
2021-04-13 15:10:30,-0.9722236360000001,0.011922049344714839,-0.08845117199999998,0.02599572970628574,0.180361356,0.04036061871091892,-0.965107424,0.01182541980695257,-0.11104883999999998,0.04177682304701984,-0.263400408,0.030150703359720782,6
2021-04-13 15:10:35,-0.967454132,0.03728815834569779,-0.01693262,0.03851343162307326,0.162209968,0.0915125287746432,-0.9719941440000001,0.07244443539886485,-0.11021875999999999,0.11993009424017065,-0.194044928,0.10502012390206188,1
2021-04-13 15:10:40,-0.94964554,0.014317323468497952,-0.06052344399999999,0.04320828477516449,0.23859963199999998,0.04341337932344944,-0.9705859440000001,0.008153455246870184,-0.125393556,0.016783906499393576,-0.20642774799999997,0.018994037430206778,6
2021-04-13 15:10:45,-0.973704116,0.01666815107682394,-0.13593067599999997,0.08310994996161114,0.133174816,0.08738736878332955,-0.968088876,0.012391580568132976,-0.155172856,0.04351266584975772,-0.188385756,0.03694252158742564,6
2021-04-13 15:10:50,-0.98106056,0.05553056808112129,-0.080486348,0.07917137523325073,0.126745104,0.06924738543734933,-0.95622266,0.1422632738295983,-0.08503613599999998,0.133649423899034,-0.23951073599999997,0.21011309330331665,1
2021-04-13 15:10:55,-0.9857939320000001,0.03801918997338458,-0.07312500799999998,0.0560353525131862,0.109759784,0.07041485369235254,-0.969309552,0.09392304195029075,-0.10738574399999999,0.10565075133661103,-0.183512668,0.11842503141530783,1
2021-04-13 15:11:00,-0.955965836,0.01591593831159352,-0.09141994399999999,0.023262504717329106,0.22338282799999998,0.05329013667177448,-0.9722285399999999,0.008770762824892841,-0.13531643599999998,0.02672623075075259,-0.11116406,0.021597332125337355,6
2021-04-13 15:11:05,-0.944177728,0.02601899178407671,-0.10151663199999998,0.05041231370907895,0.246093772,0.07037030318406255,-0.969644528,0.00998256598313514,-0.16304198799999997,0.0508330734067868,-0.130113288,0.0387837365098791,6
2021-04-13 15:11:10,-0.982071292,0.05603881390807292,-0.085770524,0.05877358990296366,0.13249318399999999,0.04703655895483203,-0.960765632,0.17215835312071714,-0.11446777999999999,0.11345579182270095,-0.203488288,0.1879023144194606,1
2021-04-13 15:11:15,-0.966920924,0.02682777356517083,-0.11130177599999999,0.06643339437287116,0.17799610400000002,0.0605487290950461,-0.9725400399999999,0.03872932536499061,-0.08479882399999998,0.09265769846013198,-0.128864228,0.09449612810155109,1
2021-04-13 15:11:20,-0.901026372,0.008812177221957162,-0.12102149599999998,0.010831865325775025,0.354512712,0.013753031878551925,-0.968713884,0.005261922237841649,-0.11686133199999997,0.02539486750625838,-0.237873064,0.015319102627017423,6
2021-04-13 15:11:25,-0.9642236080000001,0.05497571661170258,-0.07909473999999998,0.05074018720326215,0.19092482,0.08589428116693405,-0.967380856,0.11995059713625708,-0.129828148,0.11799823513528607,-0.19724510799999997,0.1466385598370246,1
2021-04-13 15:11:30,-0.95810352,0.058169254693316255,-0.016137688,0.0709763112441182,0.19514066,0.08182228278964133,-0.97648438,0.09828488440061457,-0.10246186799999998,0.15192422953964738,-0.18815136,0.11941512895365677,1
2021-04-13 15:11:35,-0.915243184,0.025738392424089998,0.009541999999999997,0.022960706626302164,0.31292773999999995,0.06417719704570295,-0.9704511720000001,0.007440134664218305,-0.07071581999999998,0.052083503124988446,-0.211142592,0.050256779592624326,6
2021-04-13 15:11:40,-0.966608408,0.04435903495037342,-0.03701171599999999,0.07026295845441186,0.1834707,0.05376032459011139,-0.97673242,0.10952537413909538,-0.09409375199999999,0.1507485611219019,-0.183143548,0.1292057615349369,1
2021-04-13 15:11:45,-0.963050331775701,0.08249346980043758,-0.05906153738317756,0.09242072996291945,0.19292585514018692,0.0900051558519137,-0.9637223177570095,0.19775014716095726,-0.09433186448598131,0.1532986485197031,-0.22506912616822428,0.23492775664122145,1
